{"Train_murmur_loss":0.8125247859534604,"Val_murmur_loss":0.8692331532888775,"_runtime":1579.032237045,"_wandb":{"runtime":1621},"Val_seq_loss":0.14100877865205838,"Consis_weight":0.47058664158564995,"_step":74,"Train_seq_loss":0.11319294772335382,"Train_consis_loss":0.008483240221534585,"Val_total_loss":1.0102419302433352,"Current_lr":0.0006510404892001015,"Train_total_loss":0.9350473621589908,"_timestamp":1.7369503039510581e+09}