{"Val_seq_loss":0.14925710762603372,"Train_seq_loss":0.14936202356641065,"Val_murmur_loss":0.8756151169161254,"Val_total_loss":1.0248722132248214,"_timestamp":1.736933872124053e+09,"Current_lr":0.0006189658188912605,"Train_total_loss":1.005133952924291,"Consis_weight":0.5416850759668536,"Train_murmur_loss":0.8357121822066478,"_runtime":1282.96299236,"_step":60,"_wandb":{"runtime":1327},"Train_consis_loss":0.020518989589540883}