,Train_total_loss,Train_seq_loss,Train_murmur_loss,Val_total_loss,Val_seq_loss,Val_murmur_loss
0,1.2651060819625854,0.556576669216156,0.7085294127464294,1.270214319229126,0.5633224844932556,0.7068917751312256
