,Train_total_loss,Train_seq_loss,Train_murmur_loss,Val_total_loss,Val_seq_loss,Val_murmur_loss
0,1.246826171875,0.554267942905426,0.6925582885742188,1.2557215690612793,0.562652587890625,0.6930689215660095
