,Train_total_loss,Train_seq_loss,Train_murmur_loss,Val_total_loss,Val_seq_loss,Val_murmur_loss
0,1.2269736528396606,0.5509334206581116,0.6760402321815491,1.2220264673233032,0.5492210388183594,0.6728054285049438
