,Train_total_loss,Train_seq_loss,Train_murmur_loss,Val_total_loss,Val_seq_loss,Val_murmur_loss
0,1.2855563163757324,0.557404637336731,0.7281517386436462,1.349503755569458,0.5393627285957336,0.8101410269737244
