,Train_total_loss,Train_seq_loss,Val_total_loss,Val_seq_loss
0,0.5609758496284485,0.5609758496284485,0.5432649254798889,0.5432649254798889
