,Train_seq_loss,val_loss_stu
0,0.685327316869114,0.6752449078074957
