,Train_seq_loss,val_loss_stu
0,0.22326282357156968,0.22314926860696177
