{"_step":24,"Consis_weight":0.9509900498999999,"Train_total_loss":37.05666637420654,"Val_seq_loss":1.9864489436149597,"_timestamp":1.7368716087109694e+09,"Train_consis_loss":0.18442867323756218,"Val_total_loss":7.04443097114563,"Train_seq_loss":10.257615119218826,"Train_murmur_loss":26.61462253332138,"_runtime":543.440737608,"Current_lr":0.0005,"Val_murmur_loss":5.057981789112091,"_wandb":{"runtime":645}}