,Epoch,Train_loss,Val_loss,Train_Frame_loss,Train_Murmur_loss,Val_seq_loss,Val_Murmur_loss
0,1,1.3545752642106037,1.3491660182758913,0.6780235226221395,0.6765517521088648,0.6736773654565973,0.6754886578705351
