{"_step":91,"Train_murmur_loss":0.8251453115261547,"Train_consis_loss":0.014604590824930697,"Val_seq_loss":0.14014206053335457,"_runtime":1942.661054984,"Val_murmur_loss":0.8883282708216317,"_timestamp":1.73693849760335e+09,"Train_seq_loss":0.12886343514010842,"Current_lr":0.0004597269885308722,"Train_total_loss":0.9671841321756625,"_wandb":{"runtime":1989},"Val_total_loss":1.028470312492757,"Consis_weight":0.39667780642202527}