{"Val_total_loss":1.06433937972105,"_runtime":2258.98028893,"Train_total_loss":1.030040333059668,"Val_seq_loss":0.12402157655245141,"_timestamp":1.736953175468256e+09,"Consis_weight":0.334376856889913,"Train_consis_loss":0.003566949357483404,"Train_seq_loss":0.10068633426666383,"_step":108,"Current_lr":0.0005183072076383534,"Train_murmur_loss":0.9249382543712159,"Val_murmur_loss":0.9403178088272675,"_wandb":{"runtime":2304}}